{
	"ambient": {
		"x": 0.10000000149011612,
		"y": 0.10000000149011612,
		"z": 0.10000000149011612
	},
	"default_material": "null",
	"lights": [
		{
			"color": {
				"x": 1.0,
				"y": 1.0,
				"z": 1.0
			},
			"position": {
				"x": 0.0,
				"y": 1.0,
				"z": 3.0
			},
			"range": 100.0
		}
	],
	"main_camera": "000c0e01-e862-b444-9226-e8c7dda8188e",
	"objects": [
		{
			"children": [],
			"components": {
				"Gameplay::Camera": {
					"clear_color": {
						"w": -431602080.0,
						"x": -431602080.0,
						"y": -431602080.0,
						"z": -431602080.0
					},
					"enabled": true,
					"far_plane": 1000.0,
					"fov_radians": 1.5707963705062866,
					"guid": "000c0e01-e862-b444-9226-e8c7dda8188e",
					"near_plane": 0.10000000149011612,
					"ortho_enabled": false,
					"ortho_size": 10.0
				},
				"SimpleCameraControl": {
					"enabled": true,
					"guid": "c6ed4904-61d0-304f-9bcd-5fb07c3ffddb",
					"mouse_sensitivity": {
						"x": 0.5,
						"y": 0.30000001192092896
					},
					"move_speed": {
						"x": 1.0,
						"y": 1.0,
						"z": 1.0
					},
					"shift_mult": 2.0
				}
			},
			"guid": "c126ff76-2e4a-9549-8de8-af98d51210c8",
			"hide_in_inspector": false,
			"name": "Main Camera",
			"parent": "null",
			"position": {
				"x": -3.809999942779541,
				"y": 0.09000000357627869,
				"z": 6.25
			},
			"rotation": {
				"w": 0.5844963788986206,
				"x": 0.387157142162323,
				"y": -0.3937748074531555,
				"z": -0.5944870114326477
			},
			"scale": {
				"x": 1.0,
				"y": 1.0,
				"z": 1.0
			}
		},
		{
			"children": [],
			"components": {
				"Gameplay::Physics::RigidBody": {
					"angular_damping": 0.004999999888241291,
					"colliders": [
						{
							"extents": {
								"x": 50.0,
								"y": 50.0,
								"z": 1.0
							},
							"guid": "ef0fcc82-b52f-044c-820b-e94510db0735",
							"position": {
								"x": 0.0,
								"y": 0.0,
								"z": -1.0
							},
							"rotation": {
								"x": 0.0,
								"y": 0.0,
								"z": 0.0
							},
							"scale": {
								"x": 1.0,
								"y": 1.0,
								"z": 1.0
							},
							"type": "Box"
						}
					],
					"enabled": true,
					"group": 1,
					"guid": "aa4e27dd-c6f5-cd49-9d39-f236bfbb7a43",
					"linear_damping": 0.0,
					"mask": -1,
					"mass": 1.0,
					"type": "Static"
				},
				"RenderComponent": {
					"enabled": true,
					"guid": "ccaf8ed1-41b3-bd46-8327-ff241daea31d",
					"material": "ab90487c-07f0-5e44-9388-5ab142648a2b",
					"mesh": "c6c4e90c-2b0f-3a49-b32a-4dbc6a3639b1"
				}
			},
			"guid": "eb7dab58-fcf0-a142-bc94-478e4d52a456",
			"hide_in_inspector": false,
			"name": "Plane",
			"parent": "null",
			"position": {
				"x": 0.0,
				"y": 0.0,
				"z": 0.0
			},
			"rotation": {
				"w": 1.0,
				"x": 0.0,
				"y": 0.0,
				"z": 0.0
			},
			"scale": {
				"x": 1.0,
				"y": 1.0,
				"z": 1.0
			}
		},
		{
			"children": [],
			"components": null,
			"guid": "fbefc2ac-51ac-8d47-b69a-d6e19f9a9261",
			"hide_in_inspector": false,
			"name": "Demo Parent",
			"parent": "null",
			"position": {
				"x": 0.0,
				"y": 0.0,
				"z": 0.0
			},
			"rotation": {
				"w": 1.0,
				"x": 0.0,
				"y": 0.0,
				"z": 0.0
			},
			"scale": {
				"x": 1.0,
				"y": 1.0,
				"z": 1.0
			}
		},
		{
			"children": [
				{
					"children": [],
					"components": {
						"JumpBehaviour": {
							"enabled": true,
							"guid": "43d464a7-b2f6-2440-a07b-a2e58180cecd",
							"impulse": 10.0
						},
						"RenderComponent": {
							"enabled": true,
							"guid": "ed5e9c8a-9da5-d248-ae4c-cf2339c15802",
							"material": "914bfb5f-2def-5947-bb93-32a53e49c730",
							"mesh": "089072c7-9f5f-394c-9d41-1cc776518c21"
						},
						"RotatingBehaviour": {
							"enabled": true,
							"guid": "70c26648-d811-8646-beb0-8af689f38b86",
							"speed": {
								"x": 90.0,
								"y": 0.0,
								"z": 0.0
							}
						},
						"TestComponent": {
							"enabled": true,
							"guid": "a123e6fb-625f-7440-9fec-98be67be2af2",
							"test": 10.0
						}
					},
					"guid": "92f14497-112c-b340-a79f-6eabc0c732ba",
					"hide_in_inspector": false,
					"name": "King Monkey",
					"parent": "555e69f2-e718-1d48-b9e6-c7f6bd465a8b",
					"position": {
						"x": 1.5,
						"y": 0.0,
						"z": 4.0
					},
					"rotation": {
						"w": 1.0,
						"x": 0.0,
						"y": 0.0,
						"z": 0.0
					},
					"scale": {
						"x": 1.0,
						"y": 1.0,
						"z": 1.0
					}
				},
				{
					"children": [],
					"components": {
						"RenderComponent": {
							"enabled": true,
							"guid": "21c6b686-6c8c-b54d-b4bf-4d6e11ea9333",
							"material": "cfdd06c4-a3df-e242-a711-30119a75c36a",
							"mesh": "6223ad6f-6a19-9c41-aaa9-a1fb380c149d"
						},
						"RotatingBehaviour": {
							"enabled": true,
							"guid": "1af9e5fd-3af8-4741-bafa-33842e3ee220",
							"speed": {
								"x": 0.0,
								"y": 0.0,
								"z": 90.0
							}
						},
						"TestComponent": {
							"enabled": true,
							"guid": "48231ade-325a-7c46-8fe6-64f1abb9413b",
							"test": 10.0
						}
					},
					"guid": "f161ef01-a557-5f47-93bd-69e8de319291",
					"hide_in_inspector": false,
					"name": "Left Pillar",
					"parent": "555e69f2-e718-1d48-b9e6-c7f6bd465a8b",
					"position": {
						"x": 1.5,
						"y": 2.700000047683716,
						"z": 4.0
					},
					"rotation": {
						"w": 1.0,
						"x": 0.0,
						"y": 0.0,
						"z": 0.0
					},
					"scale": {
						"x": 1.0,
						"y": 1.0,
						"z": 1.0
					}
				},
				{
					"children": [],
					"components": {
						"RenderComponent": {
							"enabled": true,
							"guid": "c16ccc3b-ffd6-fd40-a6c2-97d725ff1723",
							"material": "cfdd06c4-a3df-e242-a711-30119a75c36a",
							"mesh": "779005e3-48c5-e34e-b69c-47006bf5497e"
						},
						"RotatingBehaviour": {
							"enabled": true,
							"guid": "678d2dc6-baf4-174b-a02a-378a2e4aebe7",
							"speed": {
								"x": 0.0,
								"y": 0.0,
								"z": 90.0
							}
						},
						"TestComponent": {
							"enabled": true,
							"guid": "653e120c-aac1-ae40-90a7-c3f94c44b9b3",
							"test": 10.0
						}
					},
					"guid": "609dda54-9934-a340-a5b1-e400efd99a02",
					"hide_in_inspector": false,
					"name": "Right Pillar",
					"parent": "555e69f2-e718-1d48-b9e6-c7f6bd465a8b",
					"position": {
						"x": 1.5,
						"y": -2.700000047683716,
						"z": 4.0
					},
					"rotation": {
						"w": 1.0,
						"x": 0.0,
						"y": 0.0,
						"z": 0.0
					},
					"scale": {
						"x": 1.0,
						"y": 1.0,
						"z": 1.0
					}
				},
				{
					"children": [],
					"components": {
						"RenderComponent": {
							"enabled": true,
							"guid": "6c0b2063-374b-4f4c-ab19-c22ed3558f2c",
							"material": "f4115c38-47f9-eb4c-9310-0ed787469cea",
							"mesh": "4df67448-0a62-834d-84f5-e06752bee0ee"
						},
						"RotatingBehaviour": {
							"enabled": true,
							"guid": "e0acc66d-7a81-5147-940c-982299380037",
							"speed": {
								"x": 0.0,
								"y": 0.0,
								"z": -90.0
							}
						},
						"TestComponent": {
							"enabled": true,
							"guid": "62322e34-6579-314e-9d8c-1fed51f768bf",
							"test": 10.0
						}
					},
					"guid": "c15876c8-24e3-c745-82e3-5f4d493f0429",
					"hide_in_inspector": false,
					"name": "Left Flame",
					"parent": "555e69f2-e718-1d48-b9e6-c7f6bd465a8b",
					"position": {
						"x": 1.5,
						"y": 2.700000047683716,
						"z": 5.0
					},
					"rotation": {
						"w": 1.0,
						"x": 0.0,
						"y": 0.0,
						"z": 0.0
					},
					"scale": {
						"x": 0.4000000059604645,
						"y": 0.4000000059604645,
						"z": 0.4000000059604645
					}
				},
				{
					"children": [],