{
	"ambient": {
		"x": 0.10000000149011612,
		"y": 0.10000000149011612,
		"z": 0.10000000149011612
	},
	"default_material": "null",
	"lights": [
		{
			"color": {
				"x": 1.0,
				"y": 1.0,
				"z": 1.0
			},
			"position": {
				"x": 0.0,
				"y": 1.0,
				"z": 3.0
			},
			"range": 100.0
		}
	],
	"main_camera": "d19ed3d0-3a94-c24d-8540-0b477c239ff9",
	"objects": [
		{
			"children": [],
			"components": {
				"Gameplay::Camera": {
					"clear_color": {
						"w": -431602080.0,
						"x": -431602080.0,
						"y": -431602080.0,
						"z": -431602080.0
					},
					"enabled": true,
					"far_plane": 1000.0,
					"fov_radians": 1.5707963705062866,
					"guid": "d19ed3d0-3a94-c24d-8540-0b477c239ff9",
					"near_plane": 0.10000000149011612,
					"ortho_enabled": false,
					"ortho_size": 10.0
				},
				"SimpleCameraControl": {
					"enabled": true,
					"guid": "f921c6e8-d274-3542-a7d8-66d383044490",
					"mouse_sensitivity": {
						"x": 0.5,
						"y": 0.30000001192092896
					},
					"move_speed": {
						"x": 1.0,
						"y": 1.0,
						"z": 1.0
					},
					"shift_mult": 2.0
				}
			},
			"guid": "e7fa6933-8fa9-b946-a118-6560c6973b02",
			"hide_in_inspector": false,
			"name": "Main Camera",
			"parent": "null",
			"position": {
				"x": -3.809999942779541,
				"y": 0.09000000357627869,
				"z": 6.25
			},
			"rotation": {
				"w": 0.5844963788986206,
				"x": 0.387157142162323,
				"y": -0.3937748074531555,
				"z": -0.5944870114326477
			},
			"scale": {
				"x": 1.0,
				"y": 1.0,
				"z": 1.0
			}
		},
		{
			"children": [],
			"components": {
				"Gameplay::Physics::RigidBody": {
					"angular_damping": 0.004999999888241291,
					"colliders": [
						{
							"extents": {
								"x": 50.0,
								"y": 50.0,
								"z": 1.0
							},
							"guid": "5b2d0abb-a557-944f-8135-67a939012ac1",
							"position": {
								"x": 0.0,
								"y": 0.0,
								"z": -1.0
							},
							"rotation": {
								"x": 0.0,
								"y": 0.0,
								"z": 0.0
							},
							"scale": {
								"x": 1.0,
								"y": 1.0,
								"z": 1.0
							},
							"type": "Box"
						}
					],
					"enabled": true,
					"group": 1,
					"guid": "688534be-cfda-a14a-a54b-0f6b0f9d4a63",
					"linear_damping": 0.0,
					"mask": -1,
					"mass": 1.0,
					"type": "Static"
				},
				"RenderComponent": {
					"enabled": true,
					"guid": "677bc5c8-4da9-ec4a-9a12-b596bf39175a",
					"material": "34f69434-5213-d644-b901-810d5099d33f",
					"mesh": "f9e84bc0-2b87-494e-8ec3-8b0f18981518"
				}
			},
			"guid": "5f734568-801e-b043-9d74-8f06c0219d9f",
			"hide_in_inspector": false,
			"name": "Plane",
			"parent": "null",
			"position": {
				"x": 0.0,
				"y": 0.0,
				"z": 0.0
			},
			"rotation": {
				"w": 1.0,
				"x": 0.0,
				"y": 0.0,
				"z": 0.0
			},
			"scale": {
				"x": 1.0,
				"y": 1.0,
				"z": 1.0
			}
		},
		{
			"children": [],
			"components": null,
			"guid": "68301282-d902-1043-b413-8f947bdda145",
			"hide_in_inspector": false,
			"name": "Demo Parent",
			"parent": "null",
			"position": {
				"x": 0.0,
				"y": 0.0,
				"z": 0.0
			},
			"rotation": {
				"w": 1.0,
				"x": 0.0,
				"y": 0.0,
				"z": 0.0
			},
			"scale": {
				"x": 1.0,
				"y": 1.0,
				"z": 1.0
			}
		},
		{
			"children": [
				{
					"children": [],
					"components": {
						"JumpBehaviour": {
							"enabled": true,
							"guid": "82aca17d-4013-2e45-85e1-a0428be0ddce",
							"impulse": 10.0
						},
						"RenderComponent": {
							"enabled": true,
							"guid": "304f2817-f811-1144-b2a0-6c3d37f493e5",
							"material": "f7d1b35d-a9a2-5a44-91a1-40b9a33e4acf",
							"mesh": "c6d0d926-09f6-b64b-b18b-acb512b064b4"
						},
						"RotatingBehaviour": {
							"enabled": true,
							"guid": "474c4bd2-daf3-1048-9996-554bbaa3852e",
							"speed": {
								"x": 90.0,
								"y": 0.0,
								"z": 0.0
							}
						},
						"TestComponent": {
							"enabled": true,
							"guid": "53579783-d541-754c-ae90-8b7144a183c8",
							"test": 10.0
						}
					},
					"guid": "65bcd99f-4ec6-b748-b53c-e2f8227d9004",
					"hide_in_inspector": false,
					"name": "King Monkey",
					"parent": "21ac40a8-f5be-814d-97dc-1d38e9584599",
					"position": {
						"x": 1.5,
						"y": 0.0,
						"z": 4.0
					},
					"rotation": {
						"w": 1.0,
						"x": 0.0,
						"y": 0.0,
						"z": 0.0
					},
					"scale": {
						"x": 1.0,
						"y": 1.0,
						"z": 1.0
					}
				},
				{
					"children": [],
					"components": {
						"RenderComponent": {
							"enabled": true,
							"guid": "e658d6bd-fa50-e84b-b4dc-977efdeddbcd",
							"material": "92bbcb9a-94bf-0941-9b21-07df7f210923",
							"mesh": "c0c727f6-0834-6543-aef5-dba8025a0eeb"
						},
						"RotatingBehaviour": {
							"enabled": true,
							"guid": "a0059694-b79b-9e41-91be-d18017b0a718",
							"speed": {
								"x": 0.0,
								"y": 0.0,
								"z": 90.0
							}
						},
						"TestComponent": {
							"enabled": true,
							"guid": "d3eefc83-952a-984e-ae1d-9c96a617459f",
							"test": 10.0
						}
					},
					"guid": "32faf9de-a097-d44a-8924-15f7e18b028b",
					"hide_in_inspector": false,
					"name": "Left Pillar",
					"parent": "21ac40a8-f5be-814d-97dc-1d38e9584599",
					"position": {
						"x": 1.5,
						"y": 2.700000047683716,
						"z": 4.0
					},
					"rotation": {
						"w": 1.0,
						"x": 0.0,
						"y": 0.0,
						"z": 0.0
					},
					"scale": {
						"x": 1.0,
						"y": 1.0,
						"z": 1.0
					}
				},
				{
					"children": [],
					"components": {
						"RenderComponent": {
							"enabled": true,
							"guid": "43389a5e-c666-2641-a6d1-32ee31364ef3",
							"material": "92bbcb9a-94bf-0941-9b21-07df7f210923",
							"mesh": "77707e46-ab83-834f-b7d6-26220649becf"
						},
						"RotatingBehaviour": {
							"enabled": true,
							"guid": "5b51d4d2-e09e-de43-b8a6-250bafb5cbad",
							"speed": {
								"x": 0.0,
								"y": 0.0,
								"z": 90.0
							}
						},
						"TestComponent": {
							"enabled": true,
							"guid": "0ffe2c4f-58a3-3145-8cd5-10f6ec8dbf6c",
							"test": 10.0
						}
					},
					"guid": "9364a999-742d-2446-ad26-f771e3e04e7c",
					"hide_in_inspector": false,
					"name": "Right Pillar",
					"parent": "21ac40a8-f5be-814d-97dc-1d38e9584599",
					"position": {
						"x": 1.5,
						"y": -2.700000047683716,
						"z": 4.0
					},
					"rotation": {
						"w": 1.0,
						"x": 0.0,
						"y": 0.0,
						"z": 0.0
					},
					"scale": {
						"x": 1.0,
						"y": 1.0,
						"z": 1.0
					}
				},
				{
					"children": [],
					"components": {
						"RenderComponent": {
							"enabled": true,
							"guid": "5838711b-d2c2-ef4d-ae9a-2cf2933d92c9",
							"material": "a9b4da7a-cb67-6541-a8a0-25eb5f7b1a3c",
							"mesh": "d012a237-fff8-1f43-89d2-83888aacac8c"
						},
						"RotatingBehaviour": {
							"enabled": true,
							"guid": "edc87eea-5a6f-6649-ba68-ce0078045a31",
							"speed": {
								"x": 0.0,
								"y": 0.0,
								"z": -90.0
							}
						},
						"TestComponent": {
							"enabled": true,
							"guid": "0275e6a7-c903-f14c-a9d5-4b01ba8bb97f",
							"test": 10.0
						}
					},
					"guid": "cac4ddc6-1676-194e-bb95-f4951b999e5f",
					"hide_in_inspector": false,
					"name": "Left Flame",
					"parent": "21ac40a8-f5be-814d-97dc-1d38e9584599",
					"position": {
						"x": 1.5,
						"y": 2.700000047683716,
						"z": 5.0
					},
					"rotation": {
						"w": 1.0,
						"x": 0.0,
						"y": 0.0,
						"z": 0.0
					},
					"scale": {
						"x": 0.4000000059604645,
						"y": 0.4000000059604645,
						"z": 0.4000000059604645
					}
				},
				{
					"children": [],